subject,LO-1,LO-2,PHC-1,PHC-2,TO-1,TO-2,V1,V2d,V2v,V3d,V3v,VO-1,VO-2,hV4
subj01,0.025756116127348037,0.16050114758108247,0.2043251569831665,0.08489823076227815,0.2711120302776448,0.14859397085280146,0.21398725434096091,0.47320182650380516,0.4716806995555589,0.39981853788180366,0.5141503672637955,0.31966837873308757,0.05495765253552495,0.32325393567234406
subj02,0.26373240999814945,0.15234538863454525,0.19596138825254938,0.14171230557243605,0.209111104947302,0.25600111454514907,0.2544699575464787,0.16361964369701493,0.27570756109169,0.24155897302994517,0.2992875264825737,0.18190819102508438,0.2685575596517687,0.2598765240322204
subj03,0.1611287329040151,0.3114437969276037,0.333510050123031,0.29108879213475053,0.07632533365562524,0.11608083125825212,0.33287281452543316,0.32924040028345886,0.4748273303032237,0.175437355224091,0.38631441047946324,0.43523423912863207,0.38258898502044075,0.3544709760141568
subj04,0.2165660309853151,0.18644715105744766,0.42209604985212457,0.2490742636978282,0.4234339666803693,0.13402523606161768,0.2063469796258456,0.3390293962270807,0.31811384471120235,0.5391600117848646,0.33165744139988185,0.14348179994024093,0.2950264719884452,0.17426516848846127
subj05,0.0778502462258612,0.12327862710035838,0.4240019007979397,0.5326192834412935,0.3630667292530375,0.031977426535869026,0.1825005675829605,0.4209246739923589,0.22188776902680934,0.11302724039995489,0.4348287774058851,0.09956954564440272,0.40244688805694917,0.2286874116043533
subj06,0.22074761330177253,0.19583932474643823,0.2537154509469749,0.10116061524716971,0.1555027293686348,0.09176314614273991,0.07294593248152542,0.3260705679585874,0.2437268285912556,0.12430379140939213,0.35799458552167546,0.24175101162259685,0.06979197584513283,0.3010057570679927
subj07,0.29066306220341037,0.2624008053311049,0.35190324492496894,0.3799838864983672,0.1732186997814082,0.011655116617983326,0.3092322077521559,0.3221507448983629,0.35021472741791004,0.3207422030121248,0.3778858916892585,0.14504970637797962,0.2376237411048274,0.3266087080548896
subj08,0.02133119102423471,0.20657103260907242,0.3575148103405353,0.49104920882108777,0.1611741726107335,0.13458064470760342,0.0862241086881767,0.2537375466060682,0.17497466431451625,0.3786560876848004,0.5153972452011857,0.09722064646452162,0.19035314738802214,0.24290377475993485
