,V1,V2,V3,hV4,VO-1,VO-2,PHC-1,PHC-2,LO-1,LO-2,TO-1,TO-2
subj01,0.16846042814396237,0.14909742979423501,0.1288357769906335,0.06629623879051709,0.10530287594990148,0.08695049933331657,0.07532503177878215,0.08479307364976574,0.057265758983703695,0.0943995214997687,0.1587436400871488,0.1390592743698157
subj02,0.1895761703899405,0.1532539803631499,0.1260805767138583,0.14515222510666942,0.10613721540930576,0.11157066628683626,0.11809794875364663,0.11373578703261748,0.09318834498496507,0.1032476374547595,0.1336574796821783,0.0933949941899612
subj03,0.09748639869356447,0.07995908892698053,0.05241788664545728,0.047147039513309806,0.05869792574845782,0.06880988350249284,0.07225756896212891,0.052730878798628956,0.02932929071545918,0.05191559631391772,0.09962339834129266,0.07484077908425112
subj04,0.07671959298303449,0.09741063765327625,0.04780133645157381,0.049432266565415384,0.04435257654960465,0.052351323714943915,0.07422279731641455,0.07313174718385239,0.021203046317296952,0.04133002509675068,0.06592516737197471,0.025388556894314816
subj05,0.11454957075643526,0.10493467942631221,0.09543108962411455,0.10678668156863343,0.12096958309060589,0.10238952374339765,0.13226543393755616,0.19218962626112956,0.07235141714447149,0.11757016822777992,0.1287483723779347,0.18157517807649567
subj06,0.09786503965200238,0.08009483649466867,0.054739969663894515,0.054133243104047685,0.06013653285174786,0.0718801961799428,0.08423278522552077,0.10053343787376205,0.02883224000352391,0.06762713269704028,0.079971860071168,0.026959644133324714
subj07,0.05616496188809099,0.051775945090831846,0.043270563858426474,0.044275189146097675,0.06385167451091428,0.04597254572236503,0.017388466315844647,0.025094920367316545,0.021718703783417725,0.0768360791868121,0.060005394643252524,0.08819885647789857
subj08,0.07846142336440645,0.058988075355319365,0.03809590372377547,0.04778508684251559,0.03536331622535442,0.04314581114334684,0.0450622112636643,0.02823660590525762,0.022617188492271328,0.03368482244751973,0.016141148358968717,0.04995768503358172
