,V1,V2,V3,hV4,VO-1,VO-2,PHC-1,PHC-2,LO-1,LO-2,TO-1,TO-2
subj01,0.1511833116650296,0.14892614641388038,0.11443929222614833,0.107868068777099,0.0651017746955012,0.08167412770282681,0.08926878518019854,0.10807096738720919,0.0709175319411064,0.04503167123693948,0.2249215022801117,0.14992955692331406
subj02,0.228118414702138,0.10582043094714501,0.14493098786390776,0.1584425302494655,0.1372213942400112,0.08419403717443742,0.05371474977003697,0.09686015467152731,0.08869539701289539,0.08491393686230177,0.1847508321575109,0.14544582267378686
subj03,0.08643553161358405,0.06953033669949375,0.051309279032913865,0.04544857006042187,0.07274809072479638,0.04692480460098299,0.05894023915815113,0.10795664596479157,0.030179784682983914,0.0338431142504103,0.16126839470239526,0.07737032041202922
subj04,0.12124915486589721,0.10466280704858837,0.057021174418384515,0.03983685827665478,0.09857646904872662,0.06699149918357865,0.06450375190080364,0.0866214702679184,0.023188325700783066,0.06379225229641951,0.050278155500967356,0.17058437999631326
subj05,0.13174035165485565,0.11919090364627294,0.07088449647188164,0.0718862769350657,0.10572318035524625,0.08498179197077461,0.1043775570386606,0.13555782759233717,0.056788595390069446,0.11280650235109119,0.13687875285796394,0.07575528630027108
subj06,0.11129523240992577,0.10819558680809413,0.06985129024011007,0.04814982150125129,0.07660783444346894,0.08840041669851198,0.0859193838994594,0.10110030390177994,0.026253677085051236,0.07841797904609879,0.11926179478529608,0.07363446080206805
subj07,0.05129649498551614,0.04488977434759146,0.04315009613576084,0.026553174739597965,0.05503932431525871,0.024473273419314455,0.025330264005585808,0.0385633514675171,0.020043928090770553,0.03132525595011768,0.0748813697335583,0.0874216224491262
subj08,0.048199163789094085,0.0584932075467524,0.040278279562383404,0.05477612884179019,0.06115362946543288,0.03449539249579047,0.04598025595728454,0.053122127250467416,0.025309814820463492,0.034427276766559364,0.05448320398723448,0.02324859989040491
