,V1,V2,V3,hV4,VO-1,VO-2,PHC-1,PHC-2,LO-1,LO-2,TO-1,TO-2
subj01,7.064218997955322,5.958050727844238,5.409356117248535,1.9706591367721558,4.852026462554932,2.2550182342529297,1.8440850973129272,1.3720780611038208,3.8449394702911377,2.93452525138855,2.680332899093628,1.085514783859253
subj02,6.861708641052246,5.3348565101623535,7.480270862579346,2.082901954650879,6.179991245269775,3.681022882461548,4.57737398147583,4.414257526397705,3.679954767227173,2.7020649909973145,3.6208455562591553,2.076127529144287
subj03,8.680849075317383,7.539280891418457,7.388960361480713,3.640362501144409,7.570032596588135,3.285832166671753,2.397669792175293,2.827989339828491,3.071824312210083,3.5373919010162354,2.4194273948669434,2.661480188369751
subj04,7.912471294403076,6.303717136383057,6.26810359954834,3.67569899559021,4.0793070793151855,3.185533046722412,3.238933563232422,2.158480644226074,3.914701461791992,4.408109664916992,3.9665582180023193,2.3851535320281982
subj05,6.294882774353027,6.022753715515137,5.426504611968994,3.4104888439178467,4.617806911468506,3.1746604442596436,3.6852424144744873,3.9665284156799316,4.536645889282227,4.265688419342041,2.707209348678589,3.167423725128174
subj06,5.715531349182129,7.109294891357422,5.1335649490356445,2.480071544647217,5.700709342956543,3.490938901901245,3.4715654850006104,3.9815673828125,2.6826586723327637,2.3897454738616943,2.17649507522583,4.100302219390869
subj07,7.636923789978027,7.149325370788574,6.378255367279053,3.7504079341888428,7.142473220825195,3.2114148139953613,4.1842803955078125,1.878140926361084,3.8882133960723877,3.074558734893799,2.9874894618988037,4.719764232635498
subj08,6.462258338928223,6.962034225463867,5.55549430847168,3.108766555786133,1.5343343019485474,4.251811504364014,3.275886297225952,2.1103549003601074,1.9121932983398438,4.210324764251709,2.394165277481079,5.2570695877075195
