,V1,V2,V3,hV4,VO-1,VO-2,PHC-1,PHC-2,LO-1,LO-2,TO-1,TO-2
subj01,0.05491098761558533,0.06588450074195862,0.07164546102285385,0.02623876743018627,0.02513235993683338,0.009576176293194294,0.03253362327814102,0.16579625010490417,0.02594597265124321,0.06933734565973282,0.18020419776439667,0.08216418325901031
subj02,0.18398286402225494,0.036871250718832016,0.04463408142328262,0.04619912803173065,0.0617825910449028,0.027730854228138924,0.05849166586995125,0.14918233454227448,0.06460028141736984,0.07091984152793884,0.2270934283733368,0.029877744615077972
subj03,0.18813028931617737,0.08549771457910538,0.13609305024147034,0.09048695862293243,0.05314890295267105,0.06495806574821472,0.05198746919631958,0.09744033217430115,0.06381633132696152,0.059748224914073944,0.1984996199607849,0.016489921137690544
subj04,0.1492745280265808,0.07312013953924179,0.060537900775671005,0.03482506796717644,0.039181556552648544,0.018350394442677498,0.0551694817841053,0.1021055355668068,0.04326663911342621,0.09778781980276108,0.07083077728748322,0.04812534525990486
subj05,0.08720452338457108,0.06909500807523727,0.08039878308773041,0.03328757733106613,0.06863273680210114,0.05143982172012329,0.11624178290367126,0.16797886788845062,0.0632898360490799,0.12650521099567413,0.0870695486664772,0.13275155425071716
subj06,0.0761181190609932,0.06393861025571823,0.086126409471035,0.022075656801462173,0.04246804118156433,0.04387766122817993,0.03716528043150902,0.06253267079591751,0.03691926971077919,0.09044940024614334,0.1770513653755188,0.04099387675523758
subj07,0.06486315280199051,0.09357163310050964,0.13502104580402374,0.07771199941635132,0.05955442041158676,0.040267664939165115,0.03658352792263031,0.03979465365409851,0.16163428127765656,0.053372081369161606,0.05214202404022217,0.01220924686640501
subj08,0.07094214856624603,0.09143161028623581,0.10431000590324402,0.05135852098464966,0.026554470881819725,0.013520467095077038,0.028545580804347992,0.057016052305698395,0.09274346381425858,0.03826570138335228,0.024532616138458252,0.018527589738368988
