,V1,V2,V3,hV4,VO-1,VO-2,PHC-1,PHC-2,LO-1,LO-2,TO-1,TO-2
subj01,0.09299009293317795,0.062207579612731934,0.06448277086019516,0.03712216392159462,0.03698117658495903,0.029991447925567627,0.019440902397036552,0.1180444285273552,0.02910558506846428,0.07286318391561508,0.16667577624320984,0.05453112721443176
subj02,0.0875682681798935,0.04334137216210365,0.08220964670181274,0.032776881009340286,0.03795440122485161,0.013278876431286335,0.03230487182736397,0.11474975943565369,0.09075847268104553,0.08884714543819427,0.11669622361660004,0.015143130905926228
subj03,0.15522511303424835,0.08603045344352722,0.17487862706184387,0.05879189074039459,0.07569267600774765,0.038965243846178055,0.044579848647117615,0.04285633563995361,0.07217862457036972,0.10981834679841995,0.07902222871780396,0.017158735543489456
subj04,0.10223076492547989,0.042773064225912094,0.08246494829654694,0.037786439061164856,0.023124245926737785,0.022431381046772003,0.07931113988161087,0.08455011993646622,0.03212066367268562,0.07304462045431137,0.09808763861656189,0.026412442326545715
subj05,0.10486168414354324,0.0968056172132492,0.0870756208896637,0.03988485410809517,0.05348605662584305,0.05904536694288254,0.16053995490074158,0.22035391628742218,0.1318068504333496,0.10235331207513809,0.0785481184720993,0.17983120679855347
subj06,0.042557623237371445,0.06818661093711853,0.04552198201417923,0.04452994465827942,0.037252027541399,0.03647710010409355,0.04132755100727081,0.08509373664855957,0.04365428909659386,0.07252813875675201,0.11071205884218216,0.013909892179071903
subj07,0.11750742048025131,0.10026749223470688,0.11191876977682114,0.0970533937215805,0.07079858332872391,0.0324954092502594,0.04578237608075142,0.060537032783031464,0.14822661876678467,0.08593577146530151,0.019601941108703613,0.014752856455743313
subj08,0.07792793214321136,0.07092643529176712,0.08140569925308228,0.07662805169820786,0.027636559680104256,0.00960678793489933,0.017859850078821182,0.03560655564069748,0.0673682689666748,0.050828829407691956,0.010905048809945583,0.005480824038386345
