,V1,V2,V3,hV4,VO-1,VO-2,PHC-1,PHC-2,LO-1,LO-2,TO-1,TO-2
subj01,0.07656816393136978,0.0721321702003479,0.07376119494438171,0.03170241042971611,0.03199641779065132,0.02074112370610237,0.02542717009782791,0.11985659599304199,0.027748005464673042,0.07706642895936966,0.17236310243606567,0.07625695317983627
subj02,0.1311633586883545,0.043484270572662354,0.0642610415816307,0.04419495165348053,0.05020814761519432,0.018918931484222412,0.04109003022313118,0.13146856427192688,0.0806112214922905,0.08618105202913284,0.1553870290517807,0.021991638466715813
subj03,0.1839020550251007,0.08743249624967575,0.14875908195972443,0.07228976488113403,0.06441390514373779,0.051803428679704666,0.05604511499404907,0.08475858718156815,0.07863430678844452,0.1005726158618927,0.12124689668416977,0.015880797058343887
subj04,0.13011038303375244,0.05740545690059662,0.07308158278465271,0.03351377323269844,0.03109515644609928,0.02027253247797489,0.0733601376414299,0.09748799353837967,0.042452629655599594,0.07876583188772202,0.08612260967493057,0.04102090001106262
subj05,0.09442509710788727,0.07957387715578079,0.08833878487348557,0.038495615124702454,0.06270187348127365,0.06304667890071869,0.13197042047977448,0.21776488423347473,0.0878555104136467,0.10818026959896088,0.09031009674072266,0.13512374460697174
subj06,0.05771898105740547,0.0677967369556427,0.06614843010902405,0.0332743376493454,0.03957844153046608,0.035676468163728714,0.04788926988840103,0.06788535416126251,0.04073512181639671,0.08055778592824936,0.1396441012620926,0.025946667417883873
subj07,0.09375514090061188,0.10159143805503845,0.13120673596858978,0.09199497103691101,0.064366415143013,0.035859763622283936,0.0444716215133667,0.04814298450946808,0.15997348725795746,0.07566387951374054,0.03357434272766113,0.01393910776823759
subj08,0.06862926483154297,0.07297232002019882,0.08642259985208511,0.06111624091863632,0.027684058994054794,0.011643588542938232,0.02673957869410515,0.06461814790964127,0.06510190665721893,0.03922516107559204,0.019055793061852455,0.014221441000699997
